f1,f2,f3,f4,f5,f6,f7,f8,class
11.868,-1.76973,-0.921296,5.94717,0.721235,0.238476,0.917754,-2.08484,1
14.8966,-0.540887,2.96673,4.60347,-1.6131,0.691836,1.54771,-1.73482,1
5.58762,-0.534474,-5.60178,8.65505,1.21987,1.263,1.71492,-0.349542,1
12.8828,1.44675,0.110832,0.569805,1.8215,-1.24687,-1.16744,-0.358762,1
10.1776,-2.76472,-10.0446,10.5912,-1.17731,1.00812,0.0705362,-0.722215,1
13.3528,0.982349,-4.7198,1.80689,-0.829282,-1.09,0.330462,1.08226,1
8.86983,1.64343,-5.23653,5.57001,-0.230067,0.310663,-0.839469,1.72335,1
13.395,-0.860139,-4.52106,8.37642,-2.27843,-0.752261,-0.229966,1.25682,1
6.90335,-2.77693,-2.6525,9.44971,1.03821,0.820153,-0.879488,0.976695,1
13.411,0.903924,9.37895,3.0767,-1.07987,-1.41009,0.729919,-0.391762,1
14.1678,-0.309875,2.71404,5.2104,0.333654,1.77703,-1.23448,-0.566067,1
5.89391,4.40942,17.2094,0.750451,0.999184,-0.328915,0.608586,-0.148239,1
8.98617,-0.4381,-2.0528,4.27336,0.491257,0.403113,-0.59663,-0.0911458,1
5.35672,1.05468,-1.93809,8.55622,0.758838,-0.0820318,-0.636747,1.25156,1
7.47721,2.44756,10.5212,2.09867,1.19642,0.960375,0.784154,-0.32851,1
3.15056,0.905127,1.01697,12.3286,0.433512,1.20425,0.109983,-1.58915,1
18.3538,1.18326,-1.3808,-5.8907,0.218014,-1.62013,0.0487554,1.43049,1
7.48928,-1.74215,-1.30433,9.89024,-0.46367,0.503417,-0.0723337,-0.659251,1
14.9221,-1.31526,-4.86253,6.32025,-0.155259,-0.106497,0.558369,-1.05358,1
14.2604,-1.1699,0.56063,8.40439,-0.948389,-0.69288,-0.271389,-0.055266,1
4.39347,-0.163772,3.02378,11.0059,-0.814261,0.887787,0.820175,-0.906349,1
5.34596,-1.33421,-5.88491,13.6541,-0.814847,-1.25428,-0.792891,0.121756,1
3.81521,-1.70819,-4.87078,7.81394,0.176098,2.05327,-1.46047,0.279411,1
18.3217,1.78456,6.69106,-1.62395,0.00912761,0.15803,2.28614,0.965918,1
7.57891,1.26924,9.19375,6.33688,-0.463913,0.615695,0.0218398,-0.0721275,1
11.6813,-1.10983,-9.55834,10.6993,-2.08019,-0.561479,2.35587,-1.48953,1
8.64884,3.06283,15.9721,-6.06365,-0.778555,-0.356737,-0.344768,-0.591778,1
14.4711,2.21461,5.13169,2.78033,-1.42685,0.475765,0.346117,0.782433,1
8.78488,4.26556,16.9051,4.05809,0.78768,0.87245,-1.76719,1.20014,1
15.7757,4.4462,15.0878,-6.03319,-1.37078,-0.552316,0.447685,0.218263,1
8.40113,-1.27725,-10.8597,5.13382,-1.02593,0.813903,1.11358,0.0461205,1
0.589075,0.194925,4.41517,10.9752,-0.276512,0.634214,-0.992134,-0.385916,1
16.6908,4.79528,21.45,-0.375585,0.602671,0.402687,-0.588854,0.481003,1
0.583157,-4.32121,-16.7404,15.4967,-0.118687,0.670846,-0.649933,0.283491,1
12.194,-0.627125,-0.355787,9.68638,-0.425731,-0.331758,-1.27592,-0.37372,1
8.96705,0.773186,-3.04351,8.03456,0.353274,-1.22002,-1.71383,0.118194,1
19.0273,0.0316181,6.48208,6.87593,-0.656135,1.43158,-0.418917,-0.725498,1
14.2032,-2.76119,-16.9915,3.67579,-1.27698,-1.29203,-1.27556,1.47759,1
9.77962,-1.04365,-6.9614,11.095,0.181117,-1.89896,1.61486,0.722082,1
10.9159,4.29383,29.4014,0.881408,-0.877489,1.73225,-1.68791,0.285318,1
9.37617,1.785,6.41931,3.33753,0.572345,1.63823,1.37505,-0.729098,1
11.0582,2.28783,4.23202,4.17631,0.319832,-0.178563,-1.34689,-0.313714,1
13.3473,0.510151,1.14502,3.4578,0.963761,0.263039,-1.36939,-0.0838564,1
14.3549,2.87062,19.512,1.50823,1.01336,-0.457599,-1.3068,-1.24746,1
11.2579,-0.586985,-11.0583,4.12536,2.19544,0.34231,-0.386234,0.145091,1
11.3034,-0.839345,-0.650159,11.3352,0.42876,0.402919,-0.608418,-0.44077,1
6.34011,1.96007,7.89244,9.75736,-0.110091,-2.33609,0.100092,0.913926,1
12.393,-2.31166,-10.5512,6.85872,0.930894,-2.29507,-0.0185756,0.171421,1
10.4717,-1.06665,-2.74197,12.9,2.21179,0.242426,-1.06534,0.361319,1
12.6332,0.909836,-1.29764,4.92867,1.62587,-1.29051,1.16053,1.64925,1
15.3652,-0.201545,-2.99675,4.37347,-0.30505,-0.215597,-0.377287,0.76115,1
10.3237,3.19884,11.0919,-2.04559,1.0493,0.624546,-0.428039,0.86569,1
9.99147,-2.73248,-13.7742,5.44308,-0.219797,0.865049,0.995074,-1.09916,1
8.3557,4.8761,22.7585,3.60436,-1.94228,-0.113451,-0.818922,-0.870469,1
17.8023,2.30161,1.78682,2.71517,-0.227213,-0.899859,-0.245417,-1.35919,1
7.55678,1.41396,4.29077,0.986248,0.304659,-0.122538,0.262336,0.195268,1
9.89218,1.33825,-1.25155,10.0173,-1.25691,-0.886348,0.819589,0.158368,1
7.32096,1.20344,-9.23875,7.2721,0.986473,-1.56241,0.344149,-0.345546,1
10.0248,-2.61121,-15.2684,8.57406,-0.223412,-0.48397,0.0778913,1.51472,1
9.98861,1.38149,1.48586,-1.50276,-0.0225228,0.745423,0.550064,0.379029,1
8.98777,0.670464,6.93139,4.15551,0.775517,-0.54915,-0.120874,0.256466,1
18.7905,1.90419,-3.67416,-4.6066,1.23469,-0.231854,0.00716905,-0.055234,1
16.6816,3.85833,18.8465,-10.9779,-1.55027,-0.0849447,-0.73192,1.65505,1
5.2335,-2.57376,-5.06582,16.7796,1.75897,-1.17255,-0.971423,-0.102176,1
6.35234,0.951033,3.771,2.92516,-0.231722,2.18147,-0.356984,0.806141,1
13.4307,-1.66855,-5.55792,11.7404,0.116263,-0.59008,-0.146469,1.47727,1
15.1779,-3.04921,-12.869,0.151665,0.137747,-0.760045,2.36801,-1.02728,1
10.9097,-2.05659,-12.6831,4.43708,-0.297465,0.634708,-0.902713,-0.616128,1
0.0554492,-1.59004,-0.423946,21.7068,-0.364219,0.247207,-0.335847,0.327909,1
3.8521,-0.370581,-0.0733811,6.10463,0.333797,-0.721043,-1.15375,-1.37239,1
9.77212,2.52835,18.4358,5.12763,0.643346,1.87811,0.469566,0.95374,1
9.82786,0.928094,-3.70724,10.7098,-0.690525,-0.75331,0.0976841,-0.215137,1
12.0217,2.14976,8.01372,1.84655,-1.09812,-0.334948,-0.483403,-0.155317,1
7.90599,0.803789,8.44355,4.85997,-0.809154,1.10218,-0.71386,-0.384095,1
8.15588,-0.148197,-4.48102,9.59912,-0.449455,-0.268573,0.802432,-0.820907,1
10.4642,1.91547,8.94639,9.85924,0.811237,-0.114431,-0.561061,-0.368168,1
13.9964,0.109855,-3.30071,0.0662964,-1.08305,0.536849,-0.943048,0.426699,1
11.4366,1.50023,5.41082,2.08181,-0.482682,-0.499097,-1.19775,0.166675,1
11.6028,0.555267,10.9194,10.7056,0.803762,0.601713,1.03918,-0.673173,1
4.24039,1.42423,2.54927,15.041,0.821877,0.724715,-0.821654,1.57787,1
11.2195,1.98217,4.89837,13.2327,-1.61348,1.11927,0.693451,0.170758,1
10.2503,-1.67672,-6.08966,-0.308379,-1.47934,2.10754,0.350778,1.24398,1
-0.063852,2.10786,2.17621,13.188,0.50376,0.958265,-0.374992,0.246226,1
8.04,0.676421,-0.402691,14.2201,-0.81206,-0.536643,1.04572,0.0985364,1
14.947,0.0492459,3.14113,4.66268,-1.43972,1.70628,0.977823,-0.539348,1
6.8852,-0.0828907,7.07132,6.91348,-1.37885,-1.69458,-1.37751,2.13012,1
14.36,1.55079,2.58096,5.07434,0.270757,0.803677,1.34613,0.493135,1
7.4845,2.33739,9.42329,8.68359,-0.732652,-0.162198,-1.00588,-0.00599142,1
11.4511,-0.0146886,5.54608,12.0982,-1.08759,0.388214,-0.36481,0.00322519,1
15.5926,-3.43234,-15.7955,1.55753,-0.41505,-1.00445,0.898568,0.226466,1
15.2217,0.0986666,1.01706,3.43675,1.06724,-0.362591,1.83636,0.581714,1
12.7086,0.0922278,-6.09153,6.15673,1.70941,0.507668,0.768695,1.27085,1
18.7537,0.646051,-0.401144,4.58457,0.460526,3.03012,-0.0406868,0.387145,1
7.22675,-1.09951,-9.47945,13.6542,-0.106151,-1.53398,1.3261,0.643796,1
11.2155,-2.08027,-14.0345,0.886486,-0.851531,0.807459,-0.443109,1.56357,1
12.0868,2.75677,5.04881,-4.9791,-1.85374,0.356215,0.260181,-1.70862,1
9.92481,-0.710921,1.31295,13.3063,-2.34776,-0.381737,-0.786519,-0.0772791,1
8.40472,1.87608,-1.00956,1.48414,0.709943,-0.868272,-0.402423,0.46931,1
15.0831,-1.30427,-9.45343,1.58276,0.112481,1.38602,-0.886805,0.325795,1
11.1576,-2.81376,-7.11554,13.5411,0.113377,1.38993,-0.866199,0.639179,1
0.911907,10.1944,-3.18114,-1.32339,2.50748,0.967677,0.364446,0.821361,1
-3.1537,1.35489,-6.51751,-5.91103,-0.309484,0.536101,0.861557,0.30801,1
3.26198,9.95936,4.04856,0.596884,-0.910005,0.498171,0.95856,2.17254,1
2.30345,10.4112,0.631693,0.89092,1.61734,-1.38647,1.39685,0.426142,1
1.79049,10.4468,3.61799,7.25147,-0.618677,-0.515743,-0.1053,-1.05621,1
-4.30852,3.28552,-6.41482,-5.31869,-1.02217,-0.651223,-0.521508,-1.15014,1
8.16377,11.3638,1.90979,7.5985,1.21847,-1.26154,-1.27971,-0.0469491,1
2.66394,9.71937,3.38608,-2.67229,0.570102,1.22345,1.1362,1.77491,1
0.144798,10.574,8.7412,7.47274,0.201882,-1.40205,1.6718,0.0562118,1
-1.07489,9.89604,-5.01643,0.854097,-0.275916,0.363589,0.987249,-1.81236,1
3.68093,5.31306,0.170737,5.94655,0.569858,1.96733,-0.148598,-0.526766,1
6.57847,14.5992,6.93829,7.10117,0.964848,0.702097,1.19254,2.41617,1
2.92971,8.59102,0.244604,-6.12933,-1.35148,-2.40449,-2.83375,-0.316606,1
-0.0852838,5.002,13.5524,3.5998,0.0891705,1.45145,-1.16208,-0.438728,1
-1.44665,0.784499,1.50717,-7.97649,-1.10114,-0.779303,0.00287026,0.94569,1
1.14716,6.05514,-5.00635,-1.0411,-0.757619,-0.0634411,0.386222,1.59545,1
-3.64543,1.56867,-3.41005,-6.47575,0.59011,1.35951,-1.63954,-0.775653,1
-0.951134,5.22579,0.217615,2.57188,-0.821366,0.331406,-0.848385,0.292933,1
2.68976,9.70922,4.86415,3.04121,2.15938,-0.360878,1.19585,-2.09899,1
-0.996663,7.6917,-1.32877,1.93714,-0.00308819,-0.295671,-0.767869,0.483944,1
-1.28961,10.5847,4.92815,-1.15099,1.77393,1.2459,0.184098,-0.596902,1
4.08681,8.04456,3.93939,5.82882,0.611042,-0.879966,0.245943,1.84105,1
-3.37106,6.52209,2.38731,-3.27052,0.225825,-0.278349,-0.0444295,-0.840198,1
0.515027,8.24825,4.08125,4.55287,-0.890399,1.54576,0.597497,-0.354649,1
-4.86474,8.86345,-4.26913,-1.84292,-0.269653,0.419493,1.27028,0.155338,1
2.61622,7.24144,9.26816,0.286688,-0.61956,-0.656234,0.273201,-0.102127,1
2.63412,2.71265,8.08371,6.44958,-0.183993,1.01366,-2.19534,-0.641092,1
0.34511,4.50895,-6.77975,-0.918563,-1.72804,0.587208,-0.0775777,0.951225,1
7.43781,14.1246,5.55915,9.03193,-0.660248,0.158927,-1.15759,-1.03851,1
7.46179,11.9583,3.19746,6.04429,-0.489349,-1.80388,0.167524,0.35512,1
3.65422,8.42349,0.877456,4.31779,-0.0370986,-2.08609,-0.511007,1.87303,1
-0.115263,5.0224,-0.00148273,2.70248,0.68116,0.0246318,0.169523,-0.349668,1
0.234663,6.81748,-2.85982,-3.9773,1.21214,-1.85243,-1.33967,-1.21168,1
4.65759,9.98021,-0.169426,2.96389,-0.841977,0.583113,1.33034,0.0121593,1
-1.85234,5.96132,-2.69885,-5.62327,0.284511,0.492316,-0.828886,-2.04741,1
-0.351965,10.1787,3.93035,-1.797,0.794811,0.96247,1.14696,-0.745784,1
0.773101,-2.10534,5.92913,-1.27757,0.561524,0.0841651,0.690353,-1.16201,1
3.28263,11.6576,6.26026,1.84247,-0.155688,1.36293,0.158402,1.73768,1
3.05229,6.06567,0.59501,-0.913163,1.85949,1.30984,0.182644,-0.0840648,1
-2.41976,0.318653,-4.04857,-6.39296,0.0318341,0.119918,-0.565337,-0.675255,1
2.75521,5.75889,-0.577874,-2.04235,1.07239,-0.155643,0.838429,1.1247,1
1.56876,5.99906,9.05035,1.13421,-0.733777,-0.484847,-1.87359,0.574443,1
-0.483462,-1.30065,0.594367,1.59239,0.854771,2.18932,-1.63237,-1.05986,1
0.849485,2.66439,-1.80424,1.7064,1.37517,-0.00582347,-1.26994,-0.921353,1
3.56911,6.44819,2.82668,-0.86316,-0.248307,-0.0543539,0.619243,-0.397465,1
-3.17076,7.34502,-3.67374,-4.18749,1.29909,1.16785,0.835961,-0.217792,1
3.53248,12.5347,7.46837,1.76966,1.47715,0.586459,0.284382,1.04087,1
0.504074,7.17939,3.71244,2.66984,-1.19492,1.85332,-0.114066,0.07318,1
4.99807,6.07164,5.03722,-4.4393,0.333418,-1.23944,-0.467485,-0.838698,1
0.111732,7.32737,3.55521,0.547117,1.4305,-1.89199,-0.00302731,0.631486,1
1.74505,6.11306,-1.1121,-5.35658,-0.304542,0.590543,-1.26901,-1.85119,1
3.11662,9.87779,0.465979,-1.45079,0.714603,-0.981111,0.23737,-0.745895,1
-0.222817,8.12858,-3.41991,-0.319522,1.19442,-0.48308,-1.00443,-0.27408,1
3.6192,8.3636,5.83476,-1.42953,0.174976,1.46735,0.436314,-1.10831,1
3.06333,9.08607,5.12269,3.40876,-0.101169,-0.69385,2.54628,0.0269746,1
-3.25631,4.72114,5.61671,3.34933,0.781145,0.834641,-0.93452,0.116308,1
3.38763,10.0651,2.56146,5.10271,-0.567603,-0.659777,-0.0931894,1.26449,1
4.27625,6.70102,8.61656,1.14191,-0.223569,-1.41295,0.335988,-0.380229,1
-0.221139,3.90174,0.744361,5.5247,-0.204958,-1.30312,0.881414,-0.880389,1
-1.38961,2.66575,-4.02019,-1.05781,0.0463398,-0.297966,-0.839935,0.699277,1
-0.260192,6.42439,7.21062,-4.45429,0.204737,-0.568069,-1.8072,-0.0493886,1
0.312874,8.74772,-2.12564,-4.4,1.21189,1.1275,-0.182125,0.913438,1
4.92969,9.12747,7.51396,9.92263,-1.98092,0.0255161,-1.86904,-0.565546,1
-2.37838,6.23668,3.39279,-6.9227,-0.355234,2.59018,-0.161344,-1.67407,1
4.15509,7.31795,3.27475,7.91508,-0.809778,-0.722703,-0.557493,1.34127,1
3.50201,11.6253,1.61409,3.44052,0.356869,1.22592,0.779245,-1.73226,1
-0.789686,3.13262,-5.68021,2.31729,-0.930023,-0.617719,-0.670953,-0.0128047,1
-0.87345,1.20689,-1.42479,-0.729083,-0.592289,1.10922,-0.371966,-2.46275,1
-2.35834,8.82387,-2.68279,0.865486,-0.188852,1.20687,0.40335,-0.00803443,1
-2.21252,1.11132,-6.26585,-8.49888,0.425557,-0.267506,-0.100212,0.328556,1
1.33468,5.54722,0.447094,2.2928,0.546716,0.196673,0.0373858,-1.46798,1
6.56291,10.419,9.93761,10.3704,-0.486603,-0.323277,-0.832366,-0.269284,1
4.03595,8.14871,9.56053,9.80156,0.799998,-0.265624,-1.97632,-0.430933,1
5.30542,12.83,2.39581,2.04657,0.0509417,-0.6956,1.81052,-1.78065,1
-0.357554,4.05624,5.55002,-3.7093,1.61961,-0.359789,-1.81515,0.332562,1
2.37541,11.6696,1.56322,5.85421,0.595495,2.30872,-0.392105,-0.427416,1
4.74975,8.51291,6.85638,4.64286,0.663661,1.83804,-0.154416,-1.20315,1
2.12142,1.42126,-1.15235,5.07616,-0.354654,1.05341,0.595526,-0.719945,1
3.77258,5.78774,2.54254,-0.541209,2.92966,0.340768,-0.125384,-1.28974,1
0.499639,-0.188033,0.90764,1.77129,-0.406321,1.49672,-0.594454,-0.389496,1
-4.21216,4.16815,-1.57018,-1.91205,1.69186,-0.429512,-0.602225,-1.99837,1
5.85129,8.88231,6.26622,7.22118,1.26477,-1.72297,-1.06458,0.126519,1
7.80896,9.34039,8.74905,9.59949,-0.812287,0.773009,-0.81732,0.178809,1
-4.95783,3.53899,-2.10231,-5.14129,0.826023,-0.182226,0.138284,0.0767404,1
1.21689,11.7587,3.00098,5.25677,1.53409,-1.65216,0.788922,0.0757123,1
3.30915,4.43124,0.213527,1.88358,-1.10164,-0.33446,-0.777223,0.288377,1
-3.97909,0.507259,-4.19473,-6.99188,0.505633,-1.45686,0.0953476,0.146607,1
-2.22661,7.54231,-0.482704,-1.58322,-0.21867,1.5191,1.81827,0.542014,1
2.70563,8.14665,3.65133,1.81228,-0.505424,-0.845095,-3.02087,0.693117,1
-2.2575,9.35392,3.85318,-2.36164,-1.56862,0.125288,0.271426,1.05344,1
2.37027,10.582,5.17746,7.27766,0.0572386,-0.880089,0.319096,-0.1611,1
-0.128497,3.5438,0.174735,3.53752,0.408716,-0.391484,-0.944484,-1.06981,1
-0.361725,1.87049,-3.85477,-3.14132,-1.10719,0.166771,1.42623,2.16359,1
-2.65109,3.05733,0.152369,0.090524,-0.426096,-1.13069,-1.51152,0.832627,1
1.94827,6.95069,5.56946,-1.70604,0.306177,0.569935,0.946006,-1.27239,1
-3.82628,5.93409,2.14945,-4.05405,-0.746808,0.332843,0.715622,-0.688703,1
4.46684,13.0781,3.09605,10.9324,-0.470648,1.04577,-0.947146,0.0915914,1
3.90534,7.61127,1.53367,5.99977,-0.946494,-1.70844,0.95176,-1.36057,1
-1.98779,7.22887,3.30175,-2.0548,-0.167778,-2.76822,-0.0246103,1.2619,1
2.29067,5.12223,4.71917,4.42622,-0.809351,0.185861,-1.88152,0.847778,1
9.41827,1.36422,1.43689,3.93419,0.600235,0.228923,-1.31059,0.333872,1
1.2174,5.24349,4.51039,6.6962,1.68485,-0.39092,-0.560012,-0.367245,1
0.962658,2.66468,5.01407,5.52229,0.549352,0.899928,-1.87816,0.0241843,1
4.77305,2.21444,4.83958,2.43296,-0.119882,0.273076,-1.46504,-0.777435,1
5.34104,2.0546,1.91877,3.80343,1.08654,-0.664835,-0.0885433,0.717297,1
3.52539,2.98408,2.79603,3.75887,-1.00497,1.35553,-0.0861701,0.0398084,1
8.17431,5.1288,2.85338,2.83249,-1.1552,-0.847373,-0.292155,-0.674981,1
6.96751,4.23192,2.49427,2.47657,0.175952,0.774217,1.49059,-0.499883,1
4.47639,6.57782,4.22393,3.48164,-2.10908,0.812105,0.17371,0.289875,1
6.32542,2.21422,1.25457,0.856453,0.829894,0.447022,1.12727,0.927899,1
1.71604,5.22677,6.84418,3.93281,0.0594053,0.600363,-0.372594,0.488818,1
0.275675,3.36169,4.56676,3.65125,-0.00296372,0.33173,-1.31655,-0.119272,1
2.19903,7.19198,6.36711,4.32639,-0.0495617,-1.12746,0.1074,-0.876455,1
4.13052,2.36573,3.37185,4.64266,2.13079,-1.66486,-2.17839,0.150074,1
3.28016,1.87255,3.38187,2.75239,-1.57998,0.744063,-2.63624,0.541895,1
5.45609,3.92145,3.39055,2.59223,0.20072,1.28822,-1.07017,0.967151,1
4.0759,3.71319,2.5884,4.5071,-0.376339,1.51199,0.229406,0.135237,1
5.86315,4.72491,5.2518,4.89489,0.681761,-1.03074,0.759935,-1.85753,1
7.74287,5.9227,3.61521,2.79609,-0.0944987,-1.29606,0.410175,0.0308142,1
6.2616,5.66853,3.63975,3.37874,-0.652281,-0.0774879,0.975875,0.0206684,1
5.25201,3.98217,3.51315,5.60302,0.388066,0.861218,-0.800189,-1.54114,1
6.35335,5.63053,3.1411,3.76619,0.238492,-0.762726,-0.326675,0.710594,1
5.14563,4.17382,3.968,2.53908,1.46167,-0.31689,-0.133103,1.38204,1
3.23959,5.68692,4.82633,5.51952,-0.190328,0.27966,0.286875,-1.10534,1
1.28114,2.01716,4.36215,5.16205,1.83615,-0.212622,-0.878217,-0.289119,1
4.62721,3.80198,4.95655,5.15812,-0.438888,0.243896,0.362605,-0.732578,1
3.15627,6.43094,4.32893,5.87105,0.274743,1.11956,0.212594,0.118823,1
3.178,8.36491,6.17873,3.97364,-2.00814,-1.92739,-0.844368,-0.236039,1
4.52362,5.29252,3.94085,3.12987,0.588005,0.79066,-0.552014,1.20611,1
3.66295,2.38547,0.88772,2.43261,1.44364,-1.81208,1.92554,-0.136965,1
8.33611,3.3333,1.97999,1.41102,-0.725614,-0.732471,-0.334362,-0.450278,1
6.51892,7.00447,6.18981,3.00229,0.122626,0.586197,-0.249238,0.769994,1
2.85243,2.36803,4.59177,3.0342,3.05545,-1.66818,0.0712501,-0.313395,1
3.57176,2.63661,4.97938,5.58814,-0.686822,0.827829,0.378599,0.0977751,1
1.29391,3.54262,4.9431,4.5863,-0.711802,-0.0538978,-0.524739,-1.88469,1
7.91062,4.01007,5.43673,2.16756,-2.20387,0.964859,0.407223,0.86525,1
4.94055,4.95384,3.86127,2.94859,1.17253,0.478295,0.678818,-1.22566,1
1.61016,-0.234322,2.09518,4.79917,-2.34483,-2.10674,0.942517,-0.29579,1
3.13179,6.11638,5.50643,4.88943,1.26947,-1.1952,1.28968,-1.31979,1
5.79962,4.7367,1.74053,2.32862,0.64553,-0.710707,-0.328768,1.7504,1
3.00082,3.89499,4.42862,4.08314,0.472811,1.50394,-1.01084,-0.175143,1
5.87018,3.11479,3.99594,3.2873,1.30515,1.00397,-0.887464,-0.96089,1
5.57123,4.10593,4.75431,3.16473,-1.58527,0.559408,-0.460232,0.994161,1
6.85451,2.3085,1.21736,4.37627,-1.12608,0.140972,0.914214,0.416268,1
2.93379,8.39466,5.10055,4.53697,-1.38476,0.363688,0.57683,-0.680664,1
3.76254,3.5175,5.3324,5.26845,0.158408,1.93173,2.35468,1.59029,1
4.76253,5.64856,4.13771,3.04308,-0.606438,-1.44119,-0.0327671,-1.57716,1
4.70813,2.28108,3.24616,5.66653,-2.11203,-0.273695,-1.94223,0.895831,1
5.08813,2.22764,1.9642,2.66329,0.73599,-0.830819,-1.43918,0.106702,1
3.60008,2.9432,4.72478,2.55757,-0.602424,0.135364,-1.59522,-0.223475,1
-0.38824,3.47468,3.95498,6.08412,0.52319,1.55398,-1.43273,-0.358594,1
1.63524,3.77669,2.98741,5.21939,-0.899674,0.486479,-0.533773,0.733469,1
3.49237,5.49229,4.11517,4.39479,0.156236,-0.0979559,-1.49063,1.45339,1
7.1256,4.31099,3.3219,3.16166,1.73299,-0.534676,-1.94696,0.478308,1
4.78399,6.31076,5.1522,2.77266,-0.162295,-0.306564,0.0832779,-0.356515,1
5.16221,2.21061,2.9747,2.62572,-0.678478,-1.0342,0.695499,0.961784,1
4.47597,3.51664,2.48498,2.78775,-0.466938,-1.56291,0.498781,-0.322808,1
7.71366,3.10641,1.09379,2.0081,-0.0842866,-0.714277,-0.716575,0.458231,1
0.712962,4.63236,4.67658,6.82315,0.375319,-0.561205,0.00684223,-0.349266,1
3.44161,5.09007,5.38546,4.91975,0.0356833,0.909822,1.90254,0.0955485,1
5.98974,4.87051,3.90899,2.4262,-0.874789,-1.09163,0.665566,1.2832,1
3.80285,5.44192,3.43447,4.20075,-0.363156,-0.00845466,-0.0938029,0.140975,1
3.21804,7.14439,6.49156,3.52101,1.60738,-1.65861,0.651785,1.90322,1
5.04575,5.35936,6.03102,2.60811,1.31869,-0.275411,-0.262326,0.624081,1
2.48462,2.80086,3.323,4.21575,-0.918668,1.15115,-0.0220555,-0.134901,1
3.49105,0.684266,0.774117,3.94326,-0.12527,-1.15149,0.970994,-0.238168,1
5.15308,4.73457,4.11982,4.15557,0.776214,-1.10003,0.377317,-0.0649669,1
4.82825,4.897,3.7568,3.53656,0.404776,1.19629,0.0429916,-0.996371,1
4.09155,4.28284,4.73429,4.0952,0.388323,-0.418671,-0.780255,-1.42301,1
2.85765,1.29629,3.13292,4.71729,-1.77281,1.02923,-0.611921,2.39162,1
-0.706858,3.17999,6.27026,5.25041,1.25152,-0.143731,-0.19652,1.26266,1
1.43173,2.36803,4.44283,5.78838,-0.718896,2.79219,-0.686682,0.0128509,1
3.43741,2.52052,4.99308,4.66674,-0.672904,0.869758,-1.73387,-1.84565,1
0.855647,3.7716,4.27648,4.35139,0.721894,-0.154337,-0.351053,0.905866,1
6.05586,4.78919,5.19452,1.97092,0.609714,0.721622,2.63459,-0.844373,1
6.52148,2.34648,4.21659,1.71045,0.44632,-0.266768,0.872793,-0.931933,1
4.76869,4.1674,0.82917,7.05691,1.63403,-0.676243,-0.469896,-0.82915,1
2.92371,-1.55379,1.47053,4.7976,-1.12872,1.05948,-0.357682,1.49495,1
6.37941,7.1826,4.37503,3.49025,-1.3256,-0.141403,-1.81579,-0.315058,1
3.26256,3.34782,4.16878,4.39086,0.644651,2.07985,0.967405,-0.748463,1
2.42432,7.06671,5.5105,4.29914,0.641323,-0.0293576,0.379359,0.802211,1
5.04793,3.59078,5.43442,5.11795,-0.227013,-2.12836,0.881921,-0.137457,1
4.32289,4.70145,4.74248,4.20729,0.463076,-0.43936,1.98275,0.60381,1
2.19458,4.21619,3.25891,3.652,-0.888041,0.485755,0.361886,-0.521709,1
5.43579,2.21892,2.83525,3.86769,0.45595,-0.391139,-0.521691,0.624073,1
3.21436,2.49616,3.21606,6.2275,-0.138734,-1.41509,0.81101,2.15525,1
5.31249,7.06156,7.04607,6.34238,1.37476,0.0226383,-2.28175,-1.60147,1
3.89905,6.23134,2.64791,5.39215,-0.381219,0.868086,-0.701733,-1.22067,1
3.71998,2.22619,3.65212,4.94733,-0.697329,-0.164953,-1.1598,-1.06336,1
4.65137,2.02015,3.34279,3.52582,0.899839,-0.26725,-0.669905,1.47741,1
1.65854,5.62228,3.56022,3.31447,0.31279,0.571875,0.846633,0.241971,1
2.83977,2.52796,1.85331,4.43592,-0.716358,-0.0316734,0.824284,-0.767698,1
6.4919,2.78443,2.86661,4.21883,0.934393,0.214368,0.447929,0.499507,1
0.330078,3.03509,4.3154,3.67478,-0.769868,-1.48856,0.508318,1.00599,1
3.24341,7.39759,5.50853,3.1806,0.2189,0.661549,2.04947,1.40004,1
1.8431,4.53674,3.08419,5.5495,-0.21648,0.0495613,-1.50427,0.669459,1
7.51703,5.4172,3.89873,2.73188,-0.995357,0.748193,-0.237712,-1.25306,1
1.91996,3.60915,3.4463,4.48218,1.13422,-0.441654,0.360797,2.73763,1
5.82035,4.13173,2.41365,3.27882,1.09708,0.618977,-0.332405,0.169726,1
4.69947,4.01149,4.68699,3.4752,-0.717067,-0.540227,0.378951,-0.0556249,1
3.00575,8.55418,9.92872,5.75984,-0.669255,-0.0317367,-2.19095,-0.167801,2
0.423767,-2.7193,-3.98724,0.554832,0.117666,-1.6993,2.11232,1.17673,2
8.96389,5.37591,2.28694,5.78723,0.45109,0.65997,2.82875,0.242745,2
-1.02218,-1.65213,0.900344,0.856399,-0.990788,-0.740981,0.551017,-0.297183,2
5.58613,7.09684,2.9151,3.81794,-0.843722,-0.340507,-0.852174,0.801849,2
-4.12978,3.50135,10.6958,4.14101,-0.334185,-0.885551,-0.460817,0.382397,2
5.66457,-1.48809,-4.51545,1.40711,-0.0806349,-0.71193,0.558606,-1.05125,2
0.760009,1.02114,3.96806,2.31217,-0.455898,-1.96283,0.593854,0.676576,2
10.0299,3.06518,-2.49463,4.3541,0.182304,-1.62711,-0.204399,1.05818,2
6.85838,2.47495,-1.25661,4.08567,0.970742,-0.976735,-0.0764761,0.570243,2
-3.53788,5.02019,10.3551,4.50193,1.384,-0.527833,0.145482,0.337362,2
-1.44542,1.49658,4.70493,3.32237,-0.860463,-1.63576,0.503177,-0.855446,2
4.72788,4.82413,5.74989,1.93188,-0.602925,-0.0664426,-0.774191,-0.829573,2
5.21132,12.1775,13.0912,8.34322,1.20501,-0.231374,-0.360293,0.287218,2
1.84499,3.9566,6.28043,1.64958,0.304455,-0.73679,-0.525417,-0.425576,2
10.7391,-2.94472,-5.45864,-0.425534,-0.503104,-0.877698,1.06638,1.6435,2
11.7226,3.6635,-3.00797,4.86432,-0.219214,1.24827,-0.30807,-0.0287504,2
9.83506,8.5568,1.37339,5.84411,1.76437,-0.943549,0.947525,-0.394016,2
2.24833,3.47135,4.42789,2.74024,-1.23135,0.774038,0.408946,-0.533237,2
3.77961,8.34331,10.0485,5.68992,-1.50451,0.0950339,-1.46535,0.683742,2
2.65048,-0.27729,0.019408,0.225935,0.443603,1.64197,-0.62294,-0.771805,2
-4.54958,-7.10468,-1.37647,-2.29865,0.0647874,-0.667804,-0.631999,1.49038,2
5.41028,1.86203,-1.74109,-0.00804437,1.55626,0.0903898,1.21506,1.64103,2
6.79613,4.44943,-1.04703,4.8186,-0.0165444,0.177571,-1.00688,-1.18521,2
-1.9203,2.2696,7.72129,4.44579,0.346302,-2.39289,-2.09339,0.12621,2
4.13975,5.24792,5.38022,4.47809,-0.212846,0.21515,0.180417,-0.194916,2
-0.778662,4.09375,6.07163,4.41745,0.432393,1.81101,-1.12649,-1.3945,2
-5.84817,5.74974,13.7209,4.02942,-0.810729,0.296971,0.213308,-0.179847,2
-0.117004,-1.64662,2.6649,0.918125,-0.219085,0.156704,-1.0991,-0.702301,2
-3.7784,1.92286,9.68025,5.02967,-2.73117,1.57711,-0.776914,0.513553,2
3.83716,3.50777,2.52301,4.56639,0.308258,1.00419,-0.0953535,-0.832202,2
-1.05711,-0.05581,6.65713,2.60276,-0.281992,-1.74147,-0.501834,-0.757058,2
2.66955,1.11307,0.813471,2.59867,-0.157733,0.764611,-0.956796,0.26465,2
3.59037,-2.30335,-2.61802,-0.399609,-0.65329,-1.60688,0.273763,0.358958,2
11.4431,4.35343,-3.3249,0.517054,0.82404,1.87769,0.37502,0.409836,2
0.652086,3.53976,4.7325,3.68141,-1.19577,-0.076545,-0.812431,0.4526,2
11.4916,9.50719,4.2018,6.62894,0.810464,-0.377688,0.533601,-1.58346,2
6.96813,3.21501,-2.47572,3.65605,0.242837,0.794033,-0.205804,1.84748,2
3.04534,3.60822,5.00302,4.80654,0.588037,-1.23014,0.385896,-0.248025,2
4.69909,-0.144431,0.828968,2.81966,0.597258,-0.443959,-0.309309,0.523911,2
6.86616,3.07808,-1.95756,3.40722,-1.30488,0.477539,-0.192998,-1.5127,2
2.65455,5.54955,7.78316,5.05315,-1.34267,0.169174,0.479293,-0.0684982,2
3.13649,4.00859,4.65052,4.44777,-0.0858297,0.0724332,-0.00648497,0.0412937,2
2.54489,-0.767177,2.78591,-0.420725,-0.543164,0.677029,0.188084,0.873375,2
3.24999,5.21626,5.5925,4.15748,-1.02076,-1.15063,0.358592,0.0904345,2
5.09657,1.39249,1.63721,3.00025,1.02342,-0.0634844,-0.39127,0.0456327,2
3.82514,1.14895,-0.53024,1.86905,-0.810108,-0.138796,0.4979,-0.493559,2
-0.63518,-1.11323,3.23181,1.90178,0.287057,-0.626914,2.27116,-1.12215,2
0.688122,-1.95923,0.529453,-0.182156,-1.95565,0.67712,-0.644038,-0.160154,2
1.07884,4.82126,4.51302,3.05988,-0.0975003,-0.721523,-1.99385,-0.783157,2
3.29164,-4.31776,-3.29266,-2.87612,1.31949,0.740338,-0.301268,-0.163259,2
2.83781,4.34657,4.56856,3.9578,-0.411963,-0.278416,-0.820078,1.30172,2
9.82058,5.41355,-1.07363,1.53105,1.77739,2.9352,-0.035643,-0.226884,2
0.371161,3.81756,6.80095,7.04118,-0.0555906,-0.511896,0.234429,2.70297,2
14.9434,10.9083,1.89535,5.9663,-0.0389973,0.744832,-1.19754,1.05205,2
3.28961,5.18795,7.91311,5.63772,1.37816,0.444698,-0.803063,2.62584,2
9.05459,6.17932,2.00099,3.98583,0.926359,1.68675,-1.59747,0.269973,2
11.8223,9.74332,1.62208,7.10575,0.813934,1.6156,0.256091,-0.862687,2
1.94343,-4.15152,-3.56452,-0.434475,0.0941916,-0.897601,0.589068,1.63758,2
3.09322,4.81107,3.51162,5.10253,1.1269,0.144678,-0.394979,-1.42541,2
4.6713,0.964752,2.6352,2.73522,0.321172,2.00349,0.926323,-0.770294,2
5.84894,1.41506,-0.356904,2.17637,0.821934,0.268879,-0.191709,-0.265226,2
-2.95424,-3.26054,1.9474,-0.253878,0.106371,-1.54022,-1.06118,2.21405,2
3.53964,5.14026,4.03755,3.25023,1.4199,0.0940679,0.0889339,0.0765169,2
8.40346,2.83953,-2.26484,2.56246,-0.386337,1.95685,-1.58261,-0.823996,2
-4.30513,2.06252,6.91305,1.97448,-0.0575634,-0.224602,1.53041,-2.21365,2
9.6554,2.39961,-3.56896,2.12242,-0.830451,-1.9366,0.208317,1.05485,2
0.552045,-0.314956,0.363759,1.3995,0.0253562,0.994589,-0.200172,1.52617,2
6.84219,3.92105,1.49145,2.51291,1.2088,-0.0688319,-0.0406906,0.15658,2
5.92619,10.0011,7.17838,6.73861,0.231713,0.657955,-2.32159,-0.395225,2
4.74486,5.77604,3.97176,3.87459,-0.205263,-1.86565,-0.167775,-1.18131,2
-1.95931,-1.79092,2.07109,0.648941,1.88335,-0.633911,1.24322,-1.07465,2
-6.65421,0.838551,7.08987,2.51597,-0.623955,-0.841457,-0.275782,0.753763,2
8.40266,9.32391,4.46255,5.18529,-0.611575,-0.414936,0.764484,-0.54067,2
9.75018,1.91195,-3.83575,1.74054,0.0871461,-1.48712,-0.560211,-0.342428,2
6.16522,10.6137,7.20282,8.21653,1.47188,-1.89646,-0.0959419,0.686305,2
7.4326,6.01228,2.63055,5.55611,-0.657241,-0.97189,0.520326,0.214515,2
3.86396,-1.46425,-1.10038,1.54775,-0.549924,2.13025,-0.609686,0.378317,2
1.5662,4.61858,6.30713,3.86165,-0.817435,0.125045,0.828035,-0.546589,2
2.5681,0.629809,1.00791,2.87366,0.708909,-0.203065,-0.511218,-1.25828,2
10.1533,6.45058,0.837639,3.5088,0.935937,1.63997,-0.987215,0.824093,2
5.79715,2.12974,-2.31282,1.58874,1.45118,0.751281,-1.04175,0.750222,2
3.0377,9.96166,9.16981,7.71073,0.419943,2.13514,-1.05698,2.05244,2
-0.0752056,1.22853,3.97827,1.03752,-0.10977,-0.671167,0.505443,-0.382841,2
3.15011,0.757891,2.28614,1.15218,-1.68457,0.326146,-2.44402,-0.779518,2
-1.47996,0.358357,4.55442,1.36691,1.89256,-0.0306533,2.16682,-0.14961,2
9.06198,2.99188,-0.776072,4.03737,1.68997,0.844664,-1.19442,0.541932,2
4.75162,6.81806,3.5076,4.51687,1.50754,-0.270191,-0.536959,0.792929,2
-0.691533,0.675359,3.91751,1.82816,1.18681,0.632805,-3.02677,-0.783704,2
-4.40107,-3.71615,1.94311,1.8407,-0.429628,-0.0736831,2.53545,0.292995,2
-1.87985,1.38197,5.45022,0.874416,1.57933,0.922842,-0.910031,-0.547208,2
1.72864,4.80818,0.995576,2.65135,-0.878868,-1.01766,1.0008,0.0404199,2
0.297213,1.9588,3.38539,3.5611,0.931705,-0.610438,0.885081,-0.487907,2
2.17034,6.1808,4.73043,6.44541,0.205269,-0.0847083,-2.49004,-0.561725,2
-3.58614,3.36314,9.34684,6.5493,0.548299,-0.408917,0.0704984,0.619757,2
4.20166,7.46888,3.46157,5.6086,-0.397756,0.227763,0.305457,-0.0549403,2
7.06032,3.20883,0.574713,3.29805,-0.135058,-0.484927,0.0373749,0.139402,2
-7.66216,-1.89221,4.46533,-0.133988,1.55481,0.178527,0.42766,-0.0857298,2
4.87846,-3.40869,-2.88142,0.658219,-2.05976,1.03398,-1.13968,1.07599,2
0.801351,1.04158,4.607,2.31858,-0.547456,-0.0357176,-1.2247,0.583603,2
2.62583,2.55546,-1.81565,-7.0459,-0.982395,-0.569271,-0.810097,2.71237,2
-1.53957,2.79047,-5.23337,-10.9503,0.0785969,-0.532445,0.603854,-0.219992,2
5.47981,1.32847,0.772687,-3.50254,-0.181319,0.0358776,0.175246,-0.75626,2
4.81002,-4.43358,6.19487,0.161669,-0.621379,-0.0340019,-1.35068,0.493465,2
-2.79389,2.32009,-2.71449,-0.170628,-1.72466,-0.700681,0.194741,-0.583741,2
5.10822,-3.652,3.72489,-3.23788,-0.18797,-1.29355,-0.366373,-0.170525,2
-0.173098,5.08515,-5.9545,-5.73207,-0.495843,0.808955,-0.855185,-0.397237,2
3.59155,1.76524,0.92015,-1.40277,-0.406272,0.0798859,0.800153,0.981451,2
12.1202,-1.80015,4.62061,-15.957,-2.13294,-0.0288029,-0.764408,-0.23962,2
-3.35933,15.6003,-14.2817,-8.91205,2.35102,-0.648985,-0.806812,-1.59328,2
-2.50626,-0.842292,0.00565046,2.23854,-0.273867,-0.660226,0.280311,1.36231,2
4.65937,-1.31728,4.071,-1.3146,0.801438,0.604161,0.526838,-1.44741,2
-2.0387,-3.10652,-1.12586,3.24729,-2.42302,-0.683705,-0.470551,0.014281,2
-6.61886,4.85114,-4.18318,14.5146,0.316294,1.8494,-0.812077,0.585539,2
0.99752,-2.59477,-1.01625,-6.18651,0.176683,0.266716,-0.123832,-0.230287,2
0.342187,1.95129,-3.49956,1.56731,-0.446031,1.36285,-0.441926,-0.0515396,2
-5.33461,0.312155,0.652993,12.7809,-1.92674,0.00572888,-0.902619,0.134054,2
7.06674,-6.04926,6.35948,2.23321,0.0141944,0.429276,-0.3292,-0.418184,2
-3.94531,4.28157,-6.22113,-2.84427,1.89772,-1.60729,0.86849,-0.532297,2
-2.71396,4.4612,-5.06831,-3.06404,0.328758,0.507688,-1.8855,-0.364973,2
-0.19535,0.41875,-1.52323,-0.545738,-1.26476,-1.89548,-1.56718,0.346747,2
1.34117,-2.76138,2.30615,-3.80682,-1.88647,0.468282,-0.554501,1.32518,2
-8.79641,4.98242,-6.68837,5.9357,-0.611412,0.0406457,-1.54301,-0.20625,2
2.93892,1.91152,-1.32475,-7.11952,1.63686,-0.291956,0.382984,-1.19396,2
-1.31608,-2.11179,2.4467,3.97173,-0.779847,-0.408159,-0.779283,-0.893573,2
-2.02501,2.7805,-0.414572,7.0759,-0.308148,-0.444955,-0.2799,0.596273,2
4.36022,-7.2794,8.39775,-0.390008,-0.128228,-0.588384,-0.714151,0.998442,2
-0.821063,-5.45198,5.20431,9.533,0.656017,-0.215211,-0.210424,-1.17005,2
1.02101,3.83605,-1.47466,-5.97641,-0.460481,-0.844699,-0.498237,0.119152,2
2.67573,-1.2167,4.14687,3.23373,1.32897,-0.994721,1.07822,-1.04096,2
-8.5339,-2.86633,1.21113,6.79245,-0.185909,1.23735,0.877704,-0.0032993,2
-3.96873,3.96221,-6.34591,-0.767936,0.214408,-2.72166,-1.14111,-0.335199,2
-0.740486,-2.24367,4.01231,9.18853,-1.56341,0.242206,-1.60094,0.925123,2
1.45321,-1.05799,1.20286,-7.62904,-0.169312,0.0321993,-0.623762,1.26672,2
-2.73587,0.29365,-3.2046,1.95665,0.268745,0.321551,0.524632,-0.610563,2
6.82211,-1.36465,5.00518,-0.802932,0.0223052,1.28299,0.0847197,0.643275,2
-3.44428,5.48528,-1.43451,6.0814,0.962212,0.452318,1.1043,-0.940901,2
6.94628,-9.85253,11.1933,2.5478,0.913829,-1.53117,-0.757433,-0.400691,2
-3.25808,-1.15935,1.94023,6.77835,2.08131,-0.350277,-1.2307,0.695589,2
0.412355,-3.56267,4.31552,6.85845,0.039874,-0.359099,0.488371,-0.21055,2
1.78225,6.99725,-5.48951,-12.6182,-0.00915461,-0.188742,-0.179397,-0.970711,2
4.32914,-0.62563,0.285195,-7.63236,-0.154035,1.07066,1.37319,-0.0306478,2
5.16641,-0.638809,0.696662,-6.70901,0.747183,0.729107,0.01211,-0.122375,2
8.97568,-8.72936,8.53813,-5.44429,-0.251413,-0.196756,0.196561,-0.433746,2
-4.47336,0.53407,-4.39206,1.60868,-0.46694,-0.611393,-2.00994,-0.34259,2
1.33341,-0.702198,3.46529,-1.88985,-0.0146118,0.780522,0.515842,-1.554,2
-1.04355,-4.18456,1.34546,-0.0316217,0.766587,0.516896,1.35352,-0.956999,2
-3.27759,-3.65791,4.45463,14.671,-0.0497627,1.58394,1.10376,0.566664,2
-1.16828,5.25217,-3.75336,-0.109251,0.0223802,0.618252,1.23722,-0.123279,2
-0.170859,3.95226,-4.56743,-4.50739,0.900416,-0.798975,-1.37314,-0.865796,2
1.97578,-0.680638,0.550889,-2.44762,0.038773,1.05393,-0.198142,0.0253268,2
-1.92675,-0.62457,-0.950084,6.66918,1.08989,0.0841289,0.289518,-0.629986,2
2.5558,0.0848734,-0.507032,1.47561,-1.37948,-0.264267,0.664761,0.733513,2
-3.3231,-4.93963,6.95321,17.4832,1.94701,2.28057,-2.00759,-0.809916,2
-1.6353,1.8331,-1.62916,3.64655,1.56374,-1.25324,1.52092,-0.340456,2
3.33287,-2.60013,4.0168,-2.91211,0.451069,1.49299,-1.0456,0.260973,2
1.17684,0.449206,0.943893,-1.07751,1.59811,0.336534,-0.305164,1.05241,2
5.79709,1.3779,1.75503,-6.56967,0.425912,0.0171004,1.51948,-0.161167,2
2.13638,3.69526,-3.30336,-7.13163,1.46572,-0.550099,-1.36511,-0.0167257,2
1.69598,-7.07799,4.53472,-3.31946,-0.87619,0.619679,0.521437,-0.176285,2
2.30761,4.78782,-5.77639,-12.1918,1.03969,-0.921601,0.29078,-0.0635818,2
-3.35545,2.48119,-3.16205,3.36547,-0.611056,-0.193247,-1.30599,-0.252785,2
10.5221,-5.35943,6.05792,-10.5972,1.08226,0.358483,0.127155,-0.97793,2
11.2825,4.68567,-2.52918,-15.4419,0.939118,0.482067,0.140552,-0.49431,2
3.83768,-2.80328,4.21762,-2.32553,-1.33042,-0.191727,0.70528,0.256523,2
-2.88807,5.38698,-6.57335,-4.26114,-0.967002,-0.379582,-0.23466,0.426722,2
0.946792,1.77166,0.981677,-6.71603,1.64799,-1.01948,0.258606,1.24327,2
3.56178,2.21088,-0.224223,-1.68668,0.610259,-0.62562,-0.957977,-0.67001,2
-2.98401,0.540162,-2.7408,-2.71363,-1.05197,0.327493,0.349689,-1.44297,2
1.38888,4.20844,-3.27653,0.0412227,-0.735098,0.959359,-0.823833,0.523864,2
-0.286721,-2.08209,1.28802,-0.821134,0.786084,-0.070543,1.12585,0.100963,2
0.479094,2.02951,-1.21737,0.112626,0.242933,-0.589849,1.64393,0.246048,2
4.39716,-0.72219,3.77443,-0.735019,-0.223557,0.884081,-0.672104,0.639511,2
-6.19648,11.3857,-11.1203,-0.548237,-1.17442,0.0834191,-1.53485,-0.226015,2
2.14054,0.949902,0.373567,-1.56966,0.120478,-0.0171845,-0.00900805,0.255575,2
3.84017,-8.27445,9.99463,4.61981,0.182434,-0.0364397,-0.113534,0.918482,2
-1.18064,6.06379,-4.20471,-0.62241,-0.267142,-0.574353,-1.60231,0.14074,2
0.83309,-1.96969,0.512092,3.16959,-1.44214,0.946228,-0.212198,-0.995828,2
3.549,-2.35802,5.10929,3.94526,0.312314,-0.224352,1.59986,-0.896944,2
-1.72843,-1.18265,-2.42672,2.99884,0.879786,1.2101,-0.776633,-0.643601,2
-3.23082,2.73826,-2.8855,6.68499,-1.55815,0.0287188,0.162408,0.133672,2
5.72344,-1.97357,4.54923,-1.76346,0.14803,0.922702,1.97672,-1.14317,2
-6.46897,4.07395,-5.49931,-1.48933,1.13244,-0.154864,0.00897162,-0.353624,2
2.80043,2.45927,-3.99521,-6.4419,-0.191324,-1.56778,-0.613617,0.391317,2
-2.54062,-0.643321,-1.96694,6.14683,-1.11372,-0.429289,0.210322,-1.32638,2
3.7443,-0.922466,4.36966,-0.416739,-0.404479,-2.2526,-0.839282,-0.689773,2
-0.376048,0.691361,0.144722,-0.732259,-0.0597454,1.07074,-1.41185,1.1232,2
-2.09286,2.0673,-0.194211,3.52224,-1.4265,1.31141,-0.0521528,-0.439548,2
-0.298621,-2.49629,0.599569,1.56842,-0.779727,-1.29263,0.631368,-0.533601,2
4.25635,-0.264864,2.27925,-1.1725,0.946681,-0.319848,0.334552,1.55151,2
0.472023,-9.46614,11.4251,16.8195,1.12617,0.0828841,0.292893,0.457785,2
-2.35929,6.6683,-2.70138,4.1966,0.130561,-0.424688,0.143167,-1.3064,2
0.597741,3.42086,-1.38842,-4.13116,-2.73036,1.91841,0.445603,-0.00459201,2
-0.0902095,-10.2848,8.4921,3.95398,0.0180637,-0.167269,-1.81344,0.0903756,2
9.15732,2.89276,-2.48158,-12.6393,-0.698708,0.73403,-0.418147,0.731834,2
6.4062,-2.05283,1.12646,-9.32516,0.0333325,-1.09469,-0.0493997,-1.08801,2
0.706619,1.33715,-2.67295,-5.73412,0.590061,0.483196,-1.19349,0.945867,2
1.55704,-0.578561,1.96666,5.73183,-0.81268,0.0738567,0.495423,-0.431364,2
0.28039,1.66846,1.14343,5.13635,1.47204,0.975395,2.44574,1.17145,2
-1.68089,8.26173,-6.10538,0.222125,0.404516,0.70526,-1.70233,1.07804,2
0.466839,1.66667,0.892059,-0.643383,0.445423,1.3419,-0.83082,1.81163,2
2.65652,-0.0929364,0.400421,5.90815,1.96131,-0.424425,-0.195166,2.02935,2
2.56209,-0.301798,0.470866,2.49413,-0.430003,0.709913,-0.699781,-0.99159,2
4.36224,-0.232629,0.606606,6.30059,-0.327701,-0.709779,0.456662,-0.335675,2
-0.0282894,1.8373,0.417746,1.44654,-1.0765,-0.688388,-0.700485,0.0486301,2
0.380179,0.19581,0.0311206,1.02279,-0.649775,-0.180455,0.697272,0.263856,2
0.974868,0.368106,0.00531388,3.50479,-2.66122,0.981637,-0.40654,-0.374222,2
5.03554,-0.389767,1.79013,0.615747,-0.639922,1.45893,0.487978,-0.981689,2
2.53656,-1.04622,0.368073,2.31065,0.252668,-0.925964,-1.22625,0.568931,2
-0.193825,1.4312,-0.00209162,1.64887,0.0857975,0.171202,0.894684,0.930757,2
4.48883,-1.62149,0.779846,3.53765,1.78125,-0.820636,-2.13333,0.638915,2
0.204278,2.56959,0.604208,2.66175,0.282935,1.74919,1.15295,-2.23774,2
1.83535,1.266,1.00252,0.493858,-0.411464,-0.668101,0.123816,0.163711,2
1.74849,0.0281286,-0.605152,7.6887,-1.40303,-0.658123,-2.13165,0.538438,2
-0.694856,1.6079,-0.205616,2.91854,0.509924,2.05376,0.931751,-0.168809,2
2.14839,-0.811952,-0.142889,4.2873,-1.42988,0.932139,-2.69876,-1.3632,2
3.4582,-1.63132,1.09426,-2.67143,0.374642,2.55636,1.17859,0.712175,2
5.40306,0.291344,0.68627,10.587,-1.95509,1.39477,0.981649,0.57992,2
0.831737,0.828546,-0.156928,4.16196,0.708788,0.723336,-0.396999,1.02422,2
1.21604,-0.74943,-0.0983258,2.4587,-0.708667,-0.41684,-0.979758,-1.8468,2
4.25103,-0.956703,1.63249,-1.05414,1.60432,-1.47151,2.35581,-2.36392,2
2.47875,-1.00623,0.453543,0.371461,1.17796,-0.567446,-0.667156,-0.83497,2
3.44576,-0.910922,0.956394,2.05216,-0.948866,-0.876504,0.49627,0.378862,2
2.32454,-0.259806,0.547143,1.29437,0.329289,1.16759,-0.172851,0.122365,2
4.08738,-2.80647,0.25065,0.829712,-0.39321,-1.5315,-0.632705,-1.29234,2
4.71154,1.20838,1.56398,5.10001,-0.605526,-1.87404,-3.29074,-0.479326,2
3.34437,-0.0217049,1.92763,-4.32764,-0.142744,-0.936956,-0.72895,0.658799,2
2.59014,0.85759,1.07445,0.697991,-0.551557,-2.61325,-0.374642,-1.16961,2
1.88123,0.571397,0.281063,2.72799,0.202443,-0.1413,-0.244482,1.57798,2
3.80427,-0.201229,1.44589,-1.18247,-0.0793032,0.258559,-1.69157,0.163041,2
2.98525,0.725424,0.488151,6.58742,0.948907,-0.697264,-0.226991,-1.25513,2
3.30272,-0.731271,0.617212,3.09627,-0.944254,-0.119752,0.905351,0.563993,2
4.44506,0.508384,1.39092,4.62603,0.601596,0.213175,1.01001,1.38235,2
2.4045,1.01418,1.27066,0.384908,1.50429,1.1361,-0.343939,-0.803524,2
7.32723,-2.63893,2.0516,-0.653419,-0.236219,0.735864,1.75236,-0.00434671,2
2.10263,0.959984,0.28361,5.74908,-0.836033,0.772014,0.267721,-0.197684,2
0.131046,-0.361112,-0.82857,5.72095,0.749346,-0.266199,0.548075,0.0903335,2
-0.639717,0.947085,0.258114,-1.25291,0.730223,0.226999,0.929273,1.57336,2
1.50249,0.469276,-0.0645927,6.29526,-1.51351,-0.591646,-1.7758,1.8434,2
-2.17128,2.26915,-0.181257,1.23222,1.01326,-0.582371,-1.24253,0.263184,2
2.66984,3.09865,1.09228,7.47848,1.09637,-1.0234,0.749167,-1.5528,2
-0.332074,3.17231,-0.107146,7.09799,1.39319,-0.579694,-0.294244,0.237614,2
2.13544,1.83877,1.00627,4.1763,-0.337606,-0.126032,0.367638,2.28952,2
2.93749,0.884069,1.36714,1.91842,-0.862542,-0.52851,1.88267,-0.90705,2
3.46895,-0.796104,0.131935,5.31771,-1.8807,-2.29639,-1.33387,0.724031,2
3.34395,-0.0539521,0.313788,6.19923,0.014416,0.4786,-0.304133,0.977581,2
3.49273,-0.682526,0.598594,3.16258,0.269409,-0.311276,-0.326961,1.11479,2
4.53773,0.853757,0.93856,7.70474,-0.581801,1.89949,0.5917,0.964578,2
3.16222,-1.32928,1.2368,-1.62254,1.18299,1.94095,-1.7943,-1.86475,2
2.04291,0.182122,0.243308,4.35585,-0.503909,2.01033,0.0222516,0.40456,2
3.0356,-0.43688,0.847096,1.49815,-1.79725,-0.983117,0.727875,-0.538372,2
0.516648,-0.0299411,-0.131521,2.64769,1.72591,-0.72827,-0.277781,1.18766,2
1.45539,1.5953,0.489879,4.65482,0.748608,0.0838644,-0.787472,0.909836,2
3.39261,0.23896,0.619536,6.95563,-1.20093,3.18932,2.53979,-0.649743,2
2.66157,0.912866,1.20912,0.802037,1.38014,0.608986,0.59049,1.51425,2
0.0851885,0.819593,-0.220088,4.0223,-0.936692,0.109193,1.28283,0.176558,2
1.96424,-0.854427,0.0267975,2.08327,0.37604,0.449022,-0.172557,0.586431,2
1.29096,1.1873,0.570112,2.9253,0.044492,-0.0508381,0.0528558,0.282709,2
3.15776,-0.824747,1.05932,-1.17562,-1.24911,1.06879,0.35941,0.652649,2
2.00228,0.263007,0.170484,5.30316,1.44835,0.00389197,-1.33029,-1.58557,2
1.9449,1.55554,1.17182,1.33596,-0.95833,-0.190083,0.965751,-0.525939,2
-0.941981,0.780202,-0.913914,4.6424,-0.206341,-0.123636,-0.356051,0.929265,2
0.4725,2.76626,1.30448,0.542234,-0.939483,0.981334,1.7863,-0.208753,2
2.62874,-0.826796,0.541192,2.12077,-1.73908,-0.163947,0.100598,-0.436751,2
1.61002,0.180061,0.479784,2.64013,1.45901,-0.188899,1.17121,0.686134,2
2.55376,-0.701752,-0.56578,8.25327,-0.251952,0.987892,1.21686,-0.327377,2
-0.440026,1.99599,0.462675,0.0211456,0.472928,-0.179829,-0.192587,-0.253611,2
2.04744,0.334621,0.810237,0.658505,-1.32967,0.781013,0.0809707,-1.5876,2
-0.497869,1.89899,-0.119459,4.13824,-1.23798,0.819496,-0.638877,-1.19484,2
0.718207,0.643263,0.869305,-3.42598,-1.60323,0.204585,-1.21774,-1.1962,2
-0.0840205,1.98604,0.0906522,3.74389,0.973517,0.0492132,-0.114774,0.429385,2
1.79524,1.54689,1.40898,-1.25044,-1.67256,-0.0388718,-1.84047,0.303107,2
3.51272,-0.282782,0.925301,3.53991,0.242665,-0.566937,0.487118,0.888008,2
0.847327,1.59765,6.42235e-05,6.14034,0.633671,1.46732,-1.43779,0.319964,2
1.23892,0.188543,0.263185,1.52227,0.311013,0.936604,0.241223,0.43795,2
3.42741,0.022593,0.466336,4.83673,-0.460568,0.0424847,-0.432707,-0.180408,2
2.35774,1.47905,1.08645,1.58742,1.73222,1.94188,0.5847,0.332989,2
3.42968,0.0497987,1.43194,-1.61476,1.49825,1.41817,0.105264,2.59198,2
0.721787,0.737929,0.691407,-1.3856,1.58023,-0.254816,-0.481912,-0.523778,2
4.00253,-1.4007,1.04592,0.762855,-0.214628,-1.56323,1.4502,-1.13905,2
4.65121,0.064242,1.97424,-1.77623,1.04351,-0.764655,0.140038,-1.1272,2
0.641051,-0.343933,0.813383,-3.19675,-0.000340033,-1.33275,-0.308825,-0.596511,2
0.999814,2.02966,0.51771,3.91415,-0.931823,-0.538504,-0.728999,-0.455623,2
2.85423,0.516576,0.236892,6.64779,-0.971371,0.429379,-0.0452525,1.74267,2
4.58274,0.354903,1.7673,1.19262,1.72714,-0.45262,0.843143,-1.02246,2
1.98396,2.76524,1.12684,4.42023,-0.213784,-0.636063,-1.59372,-0.00282544,2
3.01833,-0.689925,1.01778,-1.74319,-0.90158,0.227039,1.72337,-0.11219,2
0.00462924,0.775573,-0.544213,6.74618,0.3623,1.23561,-0.161209,1.59604,2
2.88461,-1.06857,-0.0343629,6.08205,-0.399079,0.0918327,0.372896,3.31076,2
2.74506,2.32055,1.26209,4.10852,-0.0427669,-0.969528,-0.430344,-0.480177,2
2.95933,0.155384,0.545847,4.75869,0.109269,2.07201,-1.12864,-0.243383,2
1.22304,0.207045,-0.174932,5.49082,-1.05446,-2.71982,0.458207,-1.40315,2
1.85128,1.03748,1.30989,-0.578196,0.636008,-0.0718076,-1.15464,1.90077,2
3.60237,-1.84665,0.767518,-0.641082,0.632373,0.404481,-0.312918,0.0875259,2
3.73742,1.07133,1.57932,1.93995,1.38327,-0.927531,0.132034,-0.676081,2
2.3583,0.689596,1.15107,1.4174,1.08088,-0.199514,-0.288915,0.224861,2
3.75669,0.624236,1.04474,4.28721,-0.240834,1.93733,-1.03445,-1.35755,2
3.4303,0.18661,1.02555,2.90877,-0.458112,-2.22442,-0.586345,-1.29666,2
4.6408,-1.27699,1.29849,0.383307,0.586432,-0.639722,0.372143,-1.41339,2
3.01213,-0.0118711,0.942596,1.57784,0.624875,-0.67203,-0.820013,1.69119,2
